province,district_number,drive_id,drive_url,name,parse_status,valid_votes,invalid_votes,blank_votes,row_count
ระยอง,1,10AVDRD0b5nAddj-ABauFnPLrDaI1muFU,https://drive.google.com/file/d/10AVDRD0b5nAddj-ABauFnPLrDaI1muFU/view,เทศบาลเมืองเนินพระ - 002 - บัญชีรายชื่อ.pdf,ok,,,,5
ขอนแก่น,2,10DQ49Wjg3FTlm8DkfvNbC2wCcVe5x-PW,https://drive.google.com/file/d/10DQ49Wjg3FTlm8DkfvNbC2wCcVe5x-PW/view,ประชามติ 10.pdf,no-forms,,,,0
เชียงราย,6,1-wyR3GXf_WIOnP1MD_ZdjWMXqf2zVf0y,https://drive.google.com/file/d/1-wyR3GXf_WIOnP1MD_ZdjWMXqf2zVf0y/view,06-แม่สาย-โป่งงาม (บช).pdf,no-forms,,,,0
สมุทรปราการ,4,1-v0fuicQNyo64rEZDuL2MgMSGt9npbPS,https://drive.google.com/file/d/1-v0fuicQNyo64rEZDuL2MgMSGt9npbPS/view,สส.5ทับ17 บช ชุด3.pdf,no-forms,,,,0
เชียงใหม่,1,10FXDsFk5OKmzGqLLi4Tvj0IPt4rPLj6a,https://drive.google.com/file/d/10FXDsFk5OKmzGqLLi4Tvj0IPt4rPLj6a/view,ต.ป่าแดด (สส 5-18 บช).pdf,no-forms,,,,0
สงขลา,2,10LRtIdwoGTb1C0Ua2orCOnYIo_yUg_55,https://drive.google.com/file/d/10LRtIdwoGTb1C0Ua2orCOnYIo_yUg_55/view,96 สส 5-18 บช.pdf,no-forms,,,,0
มหาสารคาม,1,10u8lgbnhiB4wJQewSETecI1T1T95wG41,https://drive.google.com/file/d/10u8lgbnhiB4wJQewSETecI1T1T95wG41/view,เกิ้ง-003-บัญชีรายชื่อ.pdf,no-forms,,,,0
เชียงใหม่,1,11PooBFBNx-1u5eoFTbJvblDXB6bxgh4U,https://drive.google.com/file/d/11PooBFBNx-1u5eoFTbJvblDXB6bxgh4U/view,ต.หายยา (สส 5-18 บช).pdf,no-forms,,,,0
เชียงใหม่,1,12mUx9X6F_Mhe7MYqXlsO6E8N4lHS9XS-,https://drive.google.com/file/d/12mUx9X6F_Mhe7MYqXlsO6E8N4lHS9XS-/view,ต.ช้างม่อย (สส 5-18).pdf,no-forms,,,,0
นครราชสีมา,1,11sarSnFz5Lnw4qucI-4k5e-4FU31fcPM,https://drive.google.com/file/d/11sarSnFz5Lnw4qucI-4k5e-4FU31fcPM/view,บช97.pdf,no-forms,,,,0
นครราชสีมา,2,13H88olSoRW_cmPGDnWB1oYHm8BrkBT0O,https://drive.google.com/file/d/13H88olSoRW_cmPGDnWB1oYHm8BrkBT0O/view,8. สส.5-18 เขต.pdf,no-forms,,,,0
เชียงใหม่,1,12eRU6Gff1SPV_dMsU_Qyu2uQoY3c3dQg,https://drive.google.com/file/d/12eRU6Gff1SPV_dMsU_Qyu2uQoY3c3dQg/view,ต.ช้างคลาน (สส 5-18 บช).pdf,no-forms,,,,0
อุดรธานี,1,13zMjeniA3_5LDKbVwa10hKwlT_vkcPt_,https://drive.google.com/file/d/13zMjeniA3_5LDKbVwa10hKwlT_vkcPt_/view,อส.น.94.pdf,no-forms,,,,0
นครราชสีมา,2,14ovjnjhQ-RY8-82L1NJzEYQtwiMAdjeS,https://drive.google.com/file/d/14ovjnjhQ-RY8-82L1NJzEYQtwiMAdjeS/view,6. สส.5-18 เขต.pdf,no-forms,,,,0
เชียงราย,6,13MsOk_IXzlZMNcXcV7LsCtkctiSW5Nmt,https://drive.google.com/file/d/13MsOk_IXzlZMNcXcV7LsCtkctiSW5Nmt/view,06-แม่สาย-เกาะช้าง (บช).pdf,no-forms,,,,0
ราชบุรี,4,14DpECETZXCny6vdHGkmdBdi6gJx0ZYSb,https://drive.google.com/file/d/14DpECETZXCny6vdHGkmdBdi6gJx0ZYSb/view,"สส. 5ทับ18,สส. 5ทับ18 (บช).pdf",no-forms,,,,0
มหาสารคาม,1,15E6M55rZbVSA4Vfrilf1Ji0KmHZ5McB2,https://drive.google.com/file/d/15E6M55rZbVSA4Vfrilf1Ji0KmHZ5McB2/view,เกิ้ง-011-แบ่งเขต.pdf,no-forms,,,,0
เชียงใหม่,1,14sO5IyapMYSJaNMK9Qx69dKtM3L0QKDy,https://drive.google.com/file/d/14sO5IyapMYSJaNMK9Qx69dKtM3L0QKDy/view,ต.ช้างคลาน (สส 5-18).pdf,no-forms,,,,0
สมุทรปราการ,4,15_9ylZ_T6e9cJE5vL49LVtseLA21B_c-,https://drive.google.com/file/d/15_9ylZ_T6e9cJE5vL49LVtseLA21B_c-/view,สส. 5 ทับ 18.pdf,no-forms,,,,0
มหาสารคาม,1,16JcrS8xLZHFVSAbLkec5dpfY_wtAszma,https://drive.google.com/file/d/16JcrS8xLZHFVSAbLkec5dpfY_wtAszma/view,เกิ้ง-006-บัญชีรายชื่อ.pdf,no-forms,,,,0
สงขลา,2,17eyF1acmQTofbnuIIn3Agh2klHX15KlC,https://drive.google.com/file/d/17eyF1acmQTofbnuIIn3Agh2klHX15KlC/view,98 สส 5-18.pdf,no-forms,,,,0
นครราชสีมา,1,1898EVmtGv26hqeeJWv1H_FRWKDeRSp2S,https://drive.google.com/file/d/1898EVmtGv26hqeeJWv1H_FRWKDeRSp2S/view,อส.94.pdf,no-forms,,,,0
นครราชสีมา,2,17qZE64SX_0WAQV3LQL__1-ISJjz2CXOX,https://drive.google.com/file/d/17qZE64SX_0WAQV3LQL__1-ISJjz2CXOX/view,5. สส.5-18 บช.pdf,no-forms,,,,0
มหาสารคาม,1,1AFFm7BmSGD-uEzQ45oWUHwS18XvJ8E2A,https://drive.google.com/file/d/1AFFm7BmSGD-uEzQ45oWUHwS18XvJ8E2A/view,เกิ้ง-002-บัญชีรายชื่อ.pdf,ok,500,27,,57
เชียงราย,6,19eLPODq2OVsQzVFPHqahFb1mgPCNcubD,https://drive.google.com/file/d/19eLPODq2OVsQzVFPHqahFb1mgPCNcubD/view,06-แม่สาย-ศรีเมืองชุม (บช).pdf,no-forms,,,,0
นครราชสีมา,1,1B5Dv9tQHvEn0_0Vbqc6JFs3722bLy96J,https://drive.google.com/file/d/1B5Dv9tQHvEn0_0Vbqc6JFs3722bLy96J/view,อส.95.pdf,no-forms,,,,0
นครราชสีมา,1,1Bl6JIV_bOBirycEt_zCAXRnXM614FnfJ,https://drive.google.com/file/d/1Bl6JIV_bOBirycEt_zCAXRnXM614FnfJ/view,อส.93.pdf,no-forms,,,,0
ราชบุรี,4,1AfH_fF3xWc811Va-b3nrsxcEUmWLRY4t,https://drive.google.com/file/d/1AfH_fF3xWc811Va-b3nrsxcEUmWLRY4t/view,"สส. 5ทับ18,สส. 5ทับ18 (บช).pdf",no-forms,,,,0
เชียงราย,6,1CWk61xcjWWaOzE-JWIRIEqa6W6YhizsD,https://drive.google.com/file/d/1CWk61xcjWWaOzE-JWIRIEqa6W6YhizsD/view,06-แม่สาย-ห้วยไคร้ (บช)..pdf,no-forms,,,,0
ราชบุรี,4,1Bm-0zsYIDTP8iRPx4MRN5l7FBirnIJ7C,https://drive.google.com/file/d/1Bm-0zsYIDTP8iRPx4MRN5l7FBirnIJ7C/view,"สส. 5ทับ18,สส. 5ทับ18 (บช).pdf",no-forms,,,,0
ศรีสะเกษ,1,1EVl0gVsTZF_tHDtrieV-tAT-82CD_GLq,https://drive.google.com/file/d/1EVl0gVsTZF_tHDtrieV-tAT-82CD_GLq/view,8.pdf,no-forms,,,,0
เชียงราย,6,1D_eWiEflgcY6-JSra1XBF8VaiZGNp93d,https://drive.google.com/file/d/1D_eWiEflgcY6-JSra1XBF8VaiZGNp93d/view,06-แม่สาย-ทต.แม่สาย-แบ่งเขต.pdf,no-forms,,,,0
เชียงราย,6,1DGQP_Yj4VAPIysvkXL05j31YtRi51yaz,https://drive.google.com/file/d/1DGQP_Yj4VAPIysvkXL05j31YtRi51yaz/view,06-แม่สาย-บ้านด้าย (บช).pdf,no-forms,,,,0
เชียงใหม่,1,1F1QnEk4TUZJQeqQ8lQYRkYEM84pdxmns,https://drive.google.com/file/d/1F1QnEk4TUZJQeqQ8lQYRkYEM84pdxmns/view,ต.พระสิงห์ (สส 5-18).pdf,no-forms,,,,0
สงขลา,2,1F9qY8b-hYXrNj54-f2SUNZ0WP2cv2om9,https://drive.google.com/file/d/1F9qY8b-hYXrNj54-f2SUNZ0WP2cv2om9/view,92 สส 5-17.pdf,no-forms,,,,0
นราธิวาส,3,1EtuwlcZnWSfHIieVHQz8yrFa7ilHUNB2,https://drive.google.com/file/d/1EtuwlcZnWSfHIieVHQz8yrFa7ilHUNB2/view,ทต.แว้ง-003-บช.pdf,no-forms,,,,0
ขอนแก่น,2,1FC72XfgjgvZPwXFnINb_MTCqLhCpmrkY,https://drive.google.com/file/d/1FC72XfgjgvZPwXFnINb_MTCqLhCpmrkY/view,ประชามติ 14.pdf,no-forms,,,,0
สมุทรปราการ,4,1F57U5ph_pFRf3sLIbP0JI_LiViiKV4RX,https://drive.google.com/file/d/1F57U5ph_pFRf3sLIbP0JI_LiViiKV4RX/view,สส. 5 ทับ 18 (บช).pdf,no-forms,,,,0
เชียงราย,6,1G4K1c7wBIfsOlpNsxn5C01fV_oPYBMHa,https://drive.google.com/file/d/1G4K1c7wBIfsOlpNsxn5C01fV_oPYBMHa/view,06-แม่สาย-ศรีเมืองชุม-แบ่งเขต.pdf,no-forms,,,,0
เชียงราย,6,1G9DrNUZUGCTz2ebDS0o3NO1lUYRjOD2c,https://drive.google.com/file/d/1G9DrNUZUGCTz2ebDS0o3NO1lUYRjOD2c/view,06-แม่สาย-โป่งผา (บช).pdf,no-forms,,,,0
สมุทรปราการ,4,1GOntxxlMmTWb-JlZeiFtClz5hljxWbxV,https://drive.google.com/file/d/1GOntxxlMmTWb-JlZeiFtClz5hljxWbxV/view,สส. 5 ทับ 18 (บช).pdf,no-forms,,,,0
เชียงราย,6,1GQdZMU4dObkCwk0cxWcN1xTy8jrCv5wE,https://drive.google.com/file/d/1GQdZMU4dObkCwk0cxWcN1xTy8jrCv5wE/view,06-แม่สาย-ทต.แม่สาย (บช).pdf,no-forms,,,,0
ขอนแก่น,2,1I8YQJKB_1e-gGcuNLt-gD5uBtr7DcmiF,https://drive.google.com/file/d/1I8YQJKB_1e-gGcuNLt-gD5uBtr7DcmiF/view,ประชามติ 6.pdf,no-forms,,,,0
ศรีสะเกษ,1,1HJ1AuwLgb0MP-btFKQ5mGX9pZbyRP8P6,https://drive.google.com/file/d/1HJ1AuwLgb0MP-btFKQ5mGX9pZbyRP8P6/view,7.pdf,no-forms,,,,0
สมุทรปราการ,4,1J4qAAa4wpk2dXTptrnbhStBxPzYcCrea,https://drive.google.com/file/d/1J4qAAa4wpk2dXTptrnbhStBxPzYcCrea/view,สส.5ทับ17 บช ชุด4.pdf,no-forms,,,,0
มหาสารคาม,1,1JPJgLVOmvy9ml7lPO1T5FjlhlBQ5203E,https://drive.google.com/file/d/1JPJgLVOmvy9ml7lPO1T5FjlhlBQ5203E/view,เกิ้ง-006-แบ่งเขต.pdf,no-forms,,,,0
เชียงใหม่,1,1IH2au3c1hK4vPaM0ET4K3WHB666H3oz9,https://drive.google.com/file/d/1IH2au3c1hK4vPaM0ET4K3WHB666H3oz9/view,ต.ป่าตัน (สส 5-18).pdf,no-forms,,,,0
ศรีสะเกษ,1,1JPUywnt4KjjECuo-5Mn3vyylksbupqJm,https://drive.google.com/file/d/1JPUywnt4KjjECuo-5Mn3vyylksbupqJm/view,8.pdf,no-forms,,,,0
สมุทรปราการ,4,1LgRsY6TxEvC8WGYAhNTKnUQenUpQo6CK,https://drive.google.com/file/d/1LgRsY6TxEvC8WGYAhNTKnUQenUpQo6CK/view,สส.5ทับ17 ชุด2.pdf,no-forms,,,,0
มหาสารคาม,1,1M2mQOJ38nkDUSfmAPXr-0-rm1nZR5EAs,https://drive.google.com/file/d/1M2mQOJ38nkDUSfmAPXr-0-rm1nZR5EAs/view,เกิ้ง-002-แบ่งเขต.pdf,no-forms,,,,0
นครราชสีมา,2,1MtuZlWBS1tN1r9dKiXpXxPxMbzcd3QZi,https://drive.google.com/file/d/1MtuZlWBS1tN1r9dKiXpXxPxMbzcd3QZi/view,7. สส.5-18 เขต.pdf,no-forms,,,,0
เชียงใหม่,1,1MIoSGiOgIlqNJqMyQjXKskkPawLT6TyH,https://drive.google.com/file/d/1MIoSGiOgIlqNJqMyQjXKskkPawLT6TyH/view,ต.หายยา (สส 5-18).pdf,no-forms,,,,0
เชียงใหม่,1,1MR6AgXrpu2vau5txfRlAarTkWReYm5Zp,https://drive.google.com/file/d/1MR6AgXrpu2vau5txfRlAarTkWReYm5Zp/view,ต.ช้างเผือก(เทศบาลนคร) (สส 5-18).pdf,no-forms,,,,0
นราธิวาส,3,1NgNuuFvqX53rzWvyfvvXEhWJcL45sIjB,https://drive.google.com/file/d/1NgNuuFvqX53rzWvyfvvXEhWJcL45sIjB/view,นราธิวาส-03-แบ่งเขต.pdf,no-forms,,,,0
ศรีสะเกษ,1,1Nhmm4cQyG18aFhNa0AXoeq5M9ImHRhj1,https://drive.google.com/file/d/1Nhmm4cQyG18aFhNa0AXoeq5M9ImHRhj1/view,6.pdf,no-forms,,,,0
เชียงราย,6,1O5HW_si4dnxk8qp0f1TGp3YRpp2TOkzq,https://drive.google.com/file/d/1O5HW_si4dnxk8qp0f1TGp3YRpp2TOkzq/view,06-แม่สาย-เวียงพางคำ (บช).pdf,no-forms,,,,0
ขอนแก่น,2,1Ol8ox8UYiElONHeg1j6bfQYvV02jN-Q5,https://drive.google.com/file/d/1Ol8ox8UYiElONHeg1j6bfQYvV02jN-Q5/view,ประชามติ 9.pdf,no-forms,,,,0
ขอนแก่น,2,1PbFBVAHQzHhqVyQTTyUMUcgIuU2dqnDE,https://drive.google.com/file/d/1PbFBVAHQzHhqVyQTTyUMUcgIuU2dqnDE/view,เขต 2 ชุด 4.pdf,no-forms,,,,0
ขอนแก่น,2,1PghnQWSeBqSUhZb8X7SoQTWxL8gJABDd,https://drive.google.com/file/d/1PghnQWSeBqSUhZb8X7SoQTWxL8gJABDd/view,ประชามติ 1.pdf,no-forms,,,,0
ขอนแก่น,2,1PwfsZK1z6j_6V08ElMDWWNFBU80iQcNs,https://drive.google.com/file/d/1PwfsZK1z6j_6V08ElMDWWNFBU80iQcNs/view,ประชามติ 4.pdf,no-forms,,,,0
เชียงใหม่,1,1PKoxfh4tPLohrl3rP9Sflj-6uHM34rIA,https://drive.google.com/file/d/1PKoxfh4tPLohrl3rP9Sflj-6uHM34rIA/view,ต.ศรีภูมิ (สส 5-18).pdf,no-forms,,,,0
ขอนแก่น,2,1QggZPTMVjbVJAgDrEdypbftTqRuvSVr2,https://drive.google.com/file/d/1QggZPTMVjbVJAgDrEdypbftTqRuvSVr2/view,ประชามติ 2.pdf,no-forms,,,,0
ศรีสะเกษ,1,1QPRdXGsaySlP-acL6TSyTlsdz1_2WJHt,https://drive.google.com/file/d/1QPRdXGsaySlP-acL6TSyTlsdz1_2WJHt/view,3.pdf,no-forms,,,,0
ขอนแก่น,2,1R00mKyh4ktQ0cZRxfvQv9nW4yvAHjrxg,https://drive.google.com/file/d/1R00mKyh4ktQ0cZRxfvQv9nW4yvAHjrxg/view,ประชามติ 7.pdf,no-forms,,,,0
มหาสารคาม,1,1RDdLH4SlQ9lQGtJ-D4Kx74LraTDZ4KM8,https://drive.google.com/file/d/1RDdLH4SlQ9lQGtJ-D4Kx74LraTDZ4KM8/view,เกิ้ง-005-แบ่งเขต.pdf,no-forms,,,,0
มหาสารคาม,1,1TPN_FmJU38d3nYa9RJ1HI6XMK30YsiWt,https://drive.google.com/file/d/1TPN_FmJU38d3nYa9RJ1HI6XMK30YsiWt/view,เกิ้ง-011-บัญชีรายชื่อ.pdf,no-forms,,,,0
เชียงราย,6,1RdtF4umlClKmC7EiZ9UkhTJOF0nwLASg,https://drive.google.com/file/d/1RdtF4umlClKmC7EiZ9UkhTJOF0nwLASg/view,06-แม่สาย-ทต.ห้วยไคร้ (บช).pdf,no-forms,,,,0
อุดรธานี,1,1TvmQMLARCW4W-bjiSqHfSrX--kTt0pTj,https://drive.google.com/file/d/1TvmQMLARCW4W-bjiSqHfSrX--kTt0pTj/view,น.96 (5_18 บช).pdf,no-forms,,,,0
ราชบุรี,4,1RJCDWt7G3WGmn4frWN7qusIZpUCaSWqm,https://drive.google.com/file/d/1RJCDWt7G3WGmn4frWN7qusIZpUCaSWqm/view,"สส. 5ทับ18,สส. 5ทับ18 (บช).pdf",no-forms,,,,0
อุดรธานี,1,1U3gXOau4ONX0hH2jysNPlFAVlEobBfT9,https://drive.google.com/file/d/1U3gXOau4ONX0hH2jysNPlFAVlEobBfT9/view,น.95(5_18 บช).pdf,no-forms,,,,0
เชียงราย,6,1UznRcQ291weaFNYiVa1zg2v2xcld2Hm2,https://drive.google.com/file/d/1UznRcQ291weaFNYiVa1zg2v2xcld2Hm2/view,06-แม่สาย-บ้านด้าย-แบ่งเขต.pdf,no-forms,,,,0
ราชบุรี,4,1ULY8MA93hnXMfSHnxMF-l1X0FPDiD85X,https://drive.google.com/file/d/1ULY8MA93hnXMfSHnxMF-l1X0FPDiD85X/view,"สส. 5ทับ18,สส. 5ทับ18 (บช).pdf",no-forms,,,,0
สุโขทัย,2,1UiMK2vp9Keayx912M3vgODcoaed-1YgN,https://drive.google.com/file/d/1UiMK2vp9Keayx912M3vgODcoaed-1YgN/view,ทต.ลานหอย -04-บัญชีรายชื่อ.pdf,no-forms,,,,0
นครราชสีมา,2,1VRJ8y6CHQdExD2mMLPLrbb0-0Rk4-5Xr,https://drive.google.com/file/d/1VRJ8y6CHQdExD2mMLPLrbb0-0Rk4-5Xr/view,8. สส.5-18 บช.pdf,ok,,,15,57
ราชบุรี,4,1W_kbhkuMvkHPnZmEwsys3Iwz0VRNWNIN,https://drive.google.com/file/d/1W_kbhkuMvkHPnZmEwsys3Iwz0VRNWNIN/view,"สส. 5ทับ18,สส. 5ทับ18 (บช).pdf",no-forms,,,,0
นครราชสีมา,2,1YbPsNcNBJ_uYM-5fPfWZUfpBc-OZ_8gt,https://drive.google.com/file/d/1YbPsNcNBJ_uYM-5fPfWZUfpBc-OZ_8gt/view,33. สส.5-18 บช.pdf,no-forms,,,,0
อุดรธานี,1,1Y0nlYN_1rhy4sRBuNFW7O-SW2ezSFRzJ,https://drive.google.com/file/d/1Y0nlYN_1rhy4sRBuNFW7O-SW2ezSFRzJ/view,น.99(5_18 บช).pdf,no-forms,,,,0
อุดรธานี,1,1ZkJM8DbERoynq-MO-ysh65zhEKptQPEQ,https://drive.google.com/file/d/1ZkJM8DbERoynq-MO-ysh65zhEKptQPEQ/view,อส.น.95.pdf,no-forms,,,,0
นครราชสีมา,1,1Z7ew0mJWxOYbdhP0v8NYDIBIAbgSFDL5,https://drive.google.com/file/d/1Z7ew0mJWxOYbdhP0v8NYDIBIAbgSFDL5/view,บช95.pdf,no-forms,,,,0
ขอนแก่น,2,1YiiOBo5mdzdQYnyFf84-iBuGnY3IUehX,https://drive.google.com/file/d/1YiiOBo5mdzdQYnyFf84-iBuGnY3IUehX/view,ประชามติ 3.pdf,no-forms,,,,0
