rank,province,district,election_type,drive_id,delta_read_minus_killernay,read_valid,killernay_valid,ect_valid,vote62_valid,verdict,reason,reread_valid_votes,reread_support,drive_url
1,นครราชสีมา,15,party_list,1ANq39EuBPU1dpnDnfrvSgukgzeMoeUst,-1873,90199,92072,85822,1443,lean_our_correct_vs_vote62,read closer to vote62 (88756 vs 90629),92072,supports_killernay,https://drive.google.com/file/d/1ANq39EuBPU1dpnDnfrvSgukgzeMoeUst/view
2,ปราจีนบุรี,1,party_list,1TAXGRGeK1vt5KXaiUbzwaxxkin1nPHuH,-1130,83769,80540,78565,3205,lean_killernay_correct_vs_vote62,killernay closer to vote62 (77335 vs 80564),,,https://drive.google.com/file/d/1TAXGRGeK1vt5KXaiUbzwaxxkin1nPHuH/view
3,อุทัยธานี,2,party_list,1wAmGK6xGSHvA7CLwF4Qlj8QSD8QeH1mm,-1075,76204,77279,70874,427,lean_our_correct_vs_vote62,read closer to vote62 (75777 vs 76852),,,https://drive.google.com/file/d/1wAmGK6xGSHvA7CLwF4Qlj8QSD8QeH1mm/view
4,นครสวรรค์,6,party_list,1487ZDm0vUn3rkEALvhKUvTHsIAStHHY-,-965,80672,80356,75687,1776,lean_killernay_correct_vs_vote62,killernay closer to vote62 (78580 vs 78896),81637,third_value,https://drive.google.com/file/d/1487ZDm0vUn3rkEALvhKUvTHsIAStHHY-/view
5,นครราชสีมา,10,party_list,1lUcGZjwlQ-1n3osX8Bq98g1spydLs_qE,-742,100825,101567,95993,1197,lean_our_correct_vs_vote62,read closer to vote62 (99628 vs 100370),,,https://drive.google.com/file/d/1lUcGZjwlQ-1n3osX8Bq98g1spydLs_qE/view
6,นครราชสีมา,13,party_list,1aqb4gW7J2F7hpIeDGqbcitGTlzMFJzD7,-648,68836,69484,60849,825,lean_our_correct_vs_vote62,read closer to vote62 (68011 vs 68659),,,https://drive.google.com/file/d/1aqb4gW7J2F7hpIeDGqbcitGTlzMFJzD7/view
7,นนทบุรี,3,party_list,1GeJeOFXCxU7a9ptjWupuCXce-Lw7hLes,590,101296,100706,72712,4796,lean_killernay_correct_vs_vote62,killernay closer to vote62 (95910 vs 96500),100706,supports_killernay,https://drive.google.com/file/d/1GeJeOFXCxU7a9ptjWupuCXce-Lw7hLes/view
8,ระยอง,4,party_list,11bOQwczbe1x2Mx-Bb_3RsWOYrR7O1t8D,-585,87877,88462,53379,368,lean_our_correct_vs_vote62,read closer to vote62 (87509 vs 88094),88462,supports_killernay,https://drive.google.com/file/d/11bOQwczbe1x2Mx-Bb_3RsWOYrR7O1t8D/view
9,นครปฐม,6,party_list,1edFWLejArJQA1PKk_ukTFPUrBadcqdjT,-557,90479,91036,84243,4285,lean_our_correct_vs_vote62,read closer to vote62 (86194 vs 86751),,,https://drive.google.com/file/d/1edFWLejArJQA1PKk_ukTFPUrBadcqdjT/view
10,ฉะเชิงเทรา,2,party_list,1SJzm-Uul8xxJXCoFfGWhxlOFf1pULfYP,-539,107267,107806,105669,0,lean_our_correct_vs_vote62,read closer to vote62 (107267 vs 107806),,,https://drive.google.com/file/d/1SJzm-Uul8xxJXCoFfGWhxlOFf1pULfYP/view
11,ปัตตานี,3,party_list,1CtqsjgpZ4lNgP7ncszLiwfKg9AG8ZOIk,-519,64794,65313,61194,2065,lean_our_correct_vs_vote62,read closer to vote62 (62729 vs 63248),65313,supports_killernay,https://drive.google.com/file/d/1CtqsjgpZ4lNgP7ncszLiwfKg9AG8ZOIk/view
12,นครปฐม,3,party_list,1JIM7_8xeyGmJfDlDfPovZWY_jG817FmD,-490,82036,82500,81114,1526,lean_our_correct_vs_vote62,read closer to vote62 (80510 vs 80974),82640,third_value,https://drive.google.com/file/d/1JIM7_8xeyGmJfDlDfPovZWY_jG817FmD/view
13,นครราชสีมา,4,party_list,11CPiXk5I-7dDEyeFCQ92DxwRMN5kgP4_,-420,84775,85195,71266,169,lean_our_correct_vs_vote62,read closer to vote62 (84606 vs 85026),85195,supports_killernay,https://drive.google.com/file/d/11CPiXk5I-7dDEyeFCQ92DxwRMN5kgP4_/view
14,กรุงเทพมหานคร,32,constituency,1Oc6RvuUPxGsSHtjvpn5opoiaEkVMOWET,-400,85231,85631,80054,3604,lean_our_correct_vs_vote62,read closer to vote62 (81627 vs 82027),,,https://drive.google.com/file/d/1Oc6RvuUPxGsSHtjvpn5opoiaEkVMOWET/view
15,อุบลราชธานี,7,party_list,16hUZhXo2517w-72EnVv0rYpkeOlqQ7_s,-360,84603,84963,82798,1368,lean_our_correct_vs_vote62,read closer to vote62 (83235 vs 83595),84963,supports_killernay,https://drive.google.com/file/d/16hUZhXo2517w-72EnVv0rYpkeOlqQ7_s/view
16,กาฬสินธุ์,1,party_list,1VKae75PH9ewqe33kglXKzZdZQf1t2dJo,349,83229,82880,70270,3640,lean_killernay_correct_vs_vote62,killernay closer to vote62 (79240 vs 79589),,,https://drive.google.com/file/d/1VKae75PH9ewqe33kglXKzZdZQf1t2dJo/view
17,ศรีสะเกษ,7,party_list,1PkRzlAfP6aPnAHn7mSqFLoZPwtF7RSTi,-338,78587,78925,67063,677,lean_our_correct_vs_vote62,read closer to vote62 (77910 vs 78248),,,https://drive.google.com/file/d/1PkRzlAfP6aPnAHn7mSqFLoZPwtF7RSTi/view
18,สุราษฎร์ธานี,4,party_list,14rlLfimeAkhgDAP6dERIF1Xh4sxyqTpB,260,94658,94398,87059,724,lean_killernay_correct_vs_vote62,killernay closer to vote62 (93674 vs 93934),94398,supports_killernay,https://drive.google.com/file/d/14rlLfimeAkhgDAP6dERIF1Xh4sxyqTpB/view
19,ปราจีนบุรี,3,party_list,1Y9pZ76pSpv19tY_Z6pHo_ArL8M7FPkMC,-232,84661,84525,77567,0,lean_killernay_correct_vs_vote62,killernay closer to vote62 (84525 vs 84661),,,https://drive.google.com/file/d/1Y9pZ76pSpv19tY_Z6pHo_ArL8M7FPkMC/view
20,ขอนแก่น,3,party_list,16OISCaCy8u3P_6tXQ0Pg9ZyWuBoDkDGS,190,84711,84521,77806,275,lean_killernay_correct_vs_vote62,killernay closer to vote62 (84246 vs 84436),84521,supports_killernay,https://drive.google.com/file/d/16OISCaCy8u3P_6tXQ0Pg9ZyWuBoDkDGS/view
21,อุทัยธานี,1,party_list,14EWe6kmIMSYqtDLu6JUQYColK1iqbM61,-171,77398,77569,69199,560,lean_our_correct_vs_vote62,read closer to vote62 (76838 vs 77009),77569,supports_killernay,https://drive.google.com/file/d/14EWe6kmIMSYqtDLu6JUQYColK1iqbM61/view
22,สงขลา,4,party_list,1E0O4j3G10-4XAREzQE2ll_XR9qgX6Nq1,-170,95657,95194,91837,1825,lean_killernay_correct_vs_vote62,killernay closer to vote62 (93369 vs 93832),95827,third_value,https://drive.google.com/file/d/1E0O4j3G10-4XAREzQE2ll_XR9qgX6Nq1/view
23,น่าน,3,party_list,1MFSF9N2MlPn1zgS_DDvrtE0KIYRgzmAj,-132,81152,81284,67711,,needs_manual,requires document re-read,,,https://drive.google.com/file/d/1MFSF9N2MlPn1zgS_DDvrtE0KIYRgzmAj/view
24,ชัยภูมิ,1,party_list,1I_RDI6wG2NWTc_C9wNwRFVXql_oD273o,122,81150,81028,13835,279,lean_killernay_correct_vs_vote62,killernay closer to vote62 (80749 vs 80871),81337,third_value,https://drive.google.com/file/d/1I_RDI6wG2NWTc_C9wNwRFVXql_oD273o/view
25,เชียงใหม่,5,party_list,13v3hfBdvYyH5DEi2oyBlMk01294puZa8,-107,93274,93381,82487,2088,lean_our_correct_vs_vote62,read closer to vote62 (91186 vs 91293),,,https://drive.google.com/file/d/13v3hfBdvYyH5DEi2oyBlMk01294puZa8/view
26,กรุงเทพมหานคร,28,party_list,1awoGIPZJtfFq5wFTRTMS3IEbIkm0iqYW,-106,94506,94612,71197,3087,lean_our_correct_vs_vote62,read closer to vote62 (91419 vs 91525),,,https://drive.google.com/file/d/1awoGIPZJtfFq5wFTRTMS3IEbIkm0iqYW/view
27,ยโสธร,2,party_list,1_3dCeVrcsmSIH9JdzPl6MVV-H5k3cMJo,-102,89109,89211,79014,477,lean_our_correct_vs_vote62,read closer to vote62 (88632 vs 88734),,,https://drive.google.com/file/d/1_3dCeVrcsmSIH9JdzPl6MVV-H5k3cMJo/view
28,กรุงเทพมหานคร,33,constituency,1KTQwfCYT6bpqVPd0KkccjtexXf0PnAAI,100,94516,94416,83494,,needs_manual,requires document re-read,94416,supports_killernay,https://drive.google.com/file/d/1KTQwfCYT6bpqVPd0KkccjtexXf0PnAAI/view
29,กำแพงเพชร,2,party_list,1UBIvrN7C6fYxebLeRlbVRrQRVMVyhMHp,100,94753,94653,88626,1736,lean_killernay_correct_vs_vote62,killernay closer to vote62 (92917 vs 93017),,,https://drive.google.com/file/d/1UBIvrN7C6fYxebLeRlbVRrQRVMVyhMHp/view
30,ตราด,1,party_list,1rvAzvx4i5PFLNZvBolJascEq1CcNWoGo,100,115046,114946,104438,720,lean_killernay_correct_vs_vote62,killernay closer to vote62 (114226 vs 114326),,,https://drive.google.com/file/d/1rvAzvx4i5PFLNZvBolJascEq1CcNWoGo/view
